sequence,prob
KQTDAVKK,1.9176
KESNAVKK,1.8959
KESNAVKL,1.8677
KQTDAVKL,1.818
EESNAVKK,1.7553
EQTDAVKK,1.7472
KETSAVKK,1.7235
EESNAVKL,1.7031
KETTAVKK,1.666
KETRAVKK,1.6629
KETSAVKL,1.6517
KESRAAKL,1.6419
KETTAVKL,1.6283
KETRAVKL,1.5971
KETFAVKK,1.5812
KESFAVKK,1.5736
EETSAVKK,1.5546
KETFAVKL,1.5272
KESFAVKL,1.5197
KETRAAKL,1.5063
EQTDAVKL,1.5021
EETRAVKK,1.497
EETTAVKK,1.4939
KQTDAVKD,1.4872
KQTDAVKI,1.4331
EESRAAKL,1.4304
KQTDAKKK,1.4202
KESNAVKI,1.4156
KESSAVKK,1.4154
KQTDAAKL,1.4113
EETSAVKL,1.4038
KESNAVKD,1.4
EETTAVKL,1.3891
KESNAVDL,1.3672
RESNAVKK,1.3671
KESRAAKK,1.3611
KESTAVKK,1.3532
KQTDAKKL,1.3487
KESNAAKL,1.3465
EETRAVKL,1.3425
EETFAVKK,1.3422
KETRAVKI,1.3407
KESNAKKL,1.3355
KESTAVKL,1.3207
RESNAVKL,1.3194
KETRAKKL,1.3174
KESWGSKK,1.2864
KEFFAVKK,1.2816
KWSRAAKL,1.2812
EESFAVKK,1.2802
KESSAVKL,1.2787
EESSAVKK,1.2785
KESNAKKK,1.2738
RQTDAVKK,1.2681
KENNAVKK,1.2631
EWSNAVKK,1.2629
EESNAVKI,1.2573
WQTDAVKK,1.2527
KEFTAVKK,1.2463
KQTDASKL,1.2384
KEFFAVKL,1.2343
KEFRAAKL,1.2265
KWSNAVKK,1.2249
KWSNAVKL,1.2205
KQTDAFKL,1.2158
KETVAAKL,1.2157
KETRAADL,1.2035
KQTDARKL,1.2034
EETRAVKI,1.1967
EETFAVKL,1.1939
KEFTAVKL,1.1906
RESFAVKK,1.1844
KENNAVKL,1.1763
KESVAAKL,1.1754
EWSNAVKL,1.1695
KETRAKKK,1.1559
EESNAVKD,1.1525
KEQNAVKK,1.1489
EESFAVKL,1.1457
KETSAVKI,1.1431
KEQNAVKL,1.14
EESWGSKK,1.1334
KETSAVDL,1.1321
KETIAAKL,1.1319
KESNKVKK,1.1215
KETSAVKD,1.1201
EESSAADL,1.1165
KETRAVKD,1.1165
EESTAVKK,1.1101
KESWGSKL,1.1064
KETTAVKI,1.1063
KEFSAVKK,1.1049
KESRAKKL,1.0987
KESNKVKL,1.0985
RESFAVKL,1.097
EWSRAAKL,1.0959
KETTAVDL,1.0892
KQFDAVKK,1.0755
KESNAADL,1.073
KETTAVKD,1.0722
EESSAAKL,1.0552
EESSAVKL,1.0538
KETTAAKL,1.0505
KETSAKKL,1.0491
EQTDAVKD,1.0476
KESSAADL,1.0444
KQTDARKK,1.0433
KENFAVKK,1.0409
KETRAKDL,1.0352
WESRAAKL,1.0342
EDSVAAKL,1.0303
KEFNAVKK,1.0283
KESNAKDL,1.0241
EESRAAKK,1.0159
EETRAAKL,1.0158
EESNAAKL,1.0156
KETSAAKL,1.0146
KEFSAVKL,1.0139
KETRAVDL,1.0132
KETFAVKI,1.0093
EESNAKKL,1.0057
EESSASDL,1.0056
KQTDAAKK,0.9987
KWSFAVKK,0.9966
EESTAVKL,0.9958
EQTDAKKK,0.9946
EENNAVKK,0.9913
KQTDAKKI,0.9838
KESSAAKL,0.9772
KEWRAAKL,0.9755
KEFVAAKL,0.9749
KETFAVKD,0.9743
EESSASKL,0.9725
KETSAADL,0.9712
EWSFAVKK,0.9667
KWSFAVKL,0.9644
KQTDAQKL,0.9639
KEFNAVKL,0.9605
KGSTAVKK,0.9598
EQTDAVKI,0.957
KESRAAKD,0.9566
KETTAKKL,0.9529
KQTDANKL,0.9524
KETTAADL,0.9466
KESFKVKK,0.9447
EESNAKKK,0.9436
KEENAVKK,0.9412
KENFAVKL,0.9395
KESNAKKI,0.9376
KETRKVKK,0.936
KEQFAVKK,0.9343
RESTAVKK,0.9338
RETTAVKK,0.9329
EESNAVDL,0.9327
EETSAVKI,0.9325
KQTDAVDL,0.9318
KQSRAAKL,0.9285
WESNAVKK,0.9216
KQFDAVKL,0.9166
KESFAVKD,0.9142
KEENAVKL,0.9138
KESRAADL,0.9124
WESNAVKL,0.9099
KEQSAVKK,0.9087
KETIAAKK,0.908
EETRAVKD,0.908
EDSVAAKI,0.9042
EEFTAVKK,0.9026
KESFAVKI,0.9021
EDSVAAKK,0.9013
KETFAVDL,0.9005
KEQRAAKL,0.8996
KESRAKKK,0.8991
EESVAAKL,0.8974
KEFRAVKK,0.8922
EETIAAKL,0.891
KWSRAAKK,0.8878
RETSAVKK,0.8873
KETIAKKL,0.8861
KWSVAAKL,0.8833
KESFKVKL,0.8801
KESSASDL,0.8744
EESNKVKK,0.8715
KETFAAKL,0.8701
EGSTAVKK,0.8696
KESWGSKR,0.8692
KETRKVKL,0.8673
WQTDAVKL,0.8652
KEQFAVKL,0.8639
EEFFAVKK,0.8636
KETVAAKK,0.8619
KGSTAVKL,0.858
RESTAVKL,0.8577
RQTDAVKL,0.8574
EWSSAADL,0.8558
KEWWGSKK,0.8553
EWSTAVKK,0.8535
KFSRAAKL,0.8532
EETTAVKI,0.8532
KETSAKDL,0.8531
KETFAKKL,0.8518
KWSTAVKL,0.85
KEWWSSKK,0.8476
KESRKAKL,0.8467
EETSAVKD,0.8462
KETRAAKK,0.8451
KETFKVKK,0.843
EETRAKKL,0.8427
KETRAKKI,0.8399
KEQSAVKL,0.8396
KWSTAVKK,0.8395
KESVAAKK,0.8389
EQTDAKKL,0.8383
RETTAVKL,0.8381
KESNAAKK,0.8334
KEFRAVKL,0.8321
EQTDAAKL,0.8316
KQTDAVKA,0.8301
EETVAAKL,0.8296
KQTDAFKK,0.8281
KESRFAKL,0.827
EESSAVKI,0.8252
EESNKVKL,0.824
EWSFAVKL,0.8223
EEQNAVKK,0.8214
REFFAVKK,0.8175
KDSVAAKL,0.8157
RETFAVKK,0.815
KESSAVKI,0.8143
KETFKVKL,0.8119
KETIAKKK,0.8104
EETTAVKD,0.8091
RETRAVKK,0.8078
EESWGSKL,0.8076
EENNAVKL,0.8069
KESIAAKL,0.8001
KEERAAKL,0.7891
EQFDAVKK,0.7889
KQTDAKDL,0.7867
KNSRAAKL,0.7856
KETTAKDL,0.7854
KESFAAKL,0.7848
EDSVAAKD,0.7846
KQTDAADL,0.7843
KETTKVKK,0.7814
KESWGNKK,0.7765
KESTAADL,0.7751
KEWNAVKK,0.7747
KESSASKL,0.7707
KQTDKVKK,0.769
REFTAVKK,0.7683
KESNAVDK,0.7678
KETRFAKL,0.7659
KFSVAAKL,0.765
KESSAKKL,0.7643
EESRAKKL,0.7637
EQTDASKL,0.7636
EFTDAVKK,0.7636
KGSFAVKK,0.7631
KETRASKL,0.7583
KQSTAAKL,0.7583
EWSNAVKI,0.7582
KESFAKKL,0.758
KEFRAAKK,0.7567
EETTAAKL,0.7564
KEWWGSKL,0.7559
EEQNAVKL,0.7555
KWSWGSKK,0.7525
EEFSAVKK,0.7521
KEFIAAKL,0.7519
KWTRAAKL,0.749
KWTRAVKK,0.7447
EETRKVKK,0.7432
KEEWGSKK,0.7402
RETSAVKL,0.7394
KESNAVKA,0.739
EEFTAVKL,0.7356
EWSTAVKL,0.7349
EWSSAAKL,0.7338
KQTDAIKL,0.7331
KEWNAVKL,0.7329
KETTKVKL,0.7326
KETFAKKK,0.7324
KWSNAAKL,0.7307
KEQTAVKK,0.7281
EGSTAVKL,0.7279
KESRRAKL,0.7279
EESTAAKL,0.7233
KEWWSSKL,0.7226
KETRKAKL,0.7204
KESSAVKD,0.7203
KEFFAVKI,0.7201
EETVASKL,0.7185
EESWGSKR,0.7175
KESNASKL,0.7175
