,sequence
1,KQTDAVKK
2,KESNAVKK
3,KESNAVKL
4,KQTDAVKL
5,EESNAVKK
6,EQTDAVKK
7,KETSAVKK
8,EESNAVKL
9,KETTAVKK
10,KETRAVKK
11,KETSAVKL
12,KESRAAKL
13,KETTAVKL
14,KETRAVKL
15,KETFAVKK
16,KESFAVKK
17,EETSAVKK
18,KETFAVKL
19,KESFAVKL
20,KETRAAKL
21,EQTDAVKL
22,EETRAVKK
23,EETTAVKK
24,KQTDAVKD
25,KQTDAVKI
26,EESRAAKL
27,KQTDAKKK
28,KESNAVKI
29,KESSAVKK
30,KQTDAAKL
31,EETSAVKL
32,KESNAVKD
33,EETTAVKL
34,KESNAVDL
35,RESNAVKK
36,KESRAAKK
37,KESTAVKK
38,KQTDAKKL
39,KESNAAKL
40,EETRAVKL
41,EETFAVKK
42,KETRAVKI
43,KESNAKKL
44,KESTAVKL
45,RESNAVKL
46,KETRAKKL
48,KESWGSKK
49,KEFFAVKK
50,KWSRAAKL
51,EESFAVKK
53,KESSAVKL
54,EESSAVKK
55,KESNAKKK
56,RQTDAVKK
57,KENNAVKK
58,EWSNAVKK
59,EESNAVKI
60,WQTDAVKK
61,KEFTAVKK
62,KQTDASKL
63,KEFFAVKL
64,KEFRAAKL
65,KWSNAVKK
66,KWSNAVKL
67,KQTDAFKL
68,KETVAAKL
69,KETRAADL
70,KQTDARKL
71,EETRAVKI
72,EETFAVKL
73,KEFTAVKL
74,RESFAVKK
75,KENNAVKL
76,KESVAAKL
77,EWSNAVKL
78,KETRAKKK
79,EESNAVKD
80,KEQNAVKK
81,EESFAVKL
82,KETSAVKI
83,KEQNAVKL
84,EESWGSKK
85,KETSAVDL
86,KETIAAKL
87,KESNKVKK
88,KETSAVKD
89,EESSAADL
90,KETRAVKD
91,EESTAVKK
92,KESWGSKL
93,KETTAVKI
94,KEFSAVKK
95,KESRAKKL
96,KESNKVKL
97,RESFAVKL
98,EWSRAAKL
99,KETTAVDL
100,KQFDAVKK
101,KESNAADL
102,KETTAVKD
103,EESSAAKL
104,EESSAVKL
105,KETTAAKL
106,KETSAKKL
107,EQTDAVKD
108,KESSAADL
109,KQTDARKK
110,KENFAVKK
111,KETRAKDL
112,WESRAAKL
113,EDSVAAKL
114,KEFNAVKK
115,KESNAKDL
117,EESRAAKK
118,EETRAAKL
119,EESNAAKL
120,KETSAAKL
121,KEFSAVKL
122,KETRAVDL
123,KETFAVKI
124,EESNAKKL
125,EESSASDL
126,KQTDAAKK
127,KWSFAVKK
128,EESTAVKL
129,EQTDAKKK
130,EENNAVKK
132,KQTDAKKI
133,KESSAAKL
134,KEWRAAKL
135,KEFVAAKL
136,KETFAVKD
137,EESSASKL
138,KETSAADL
139,EWSFAVKK
140,KWSFAVKL
141,KQTDAQKL
142,KEFNAVKL
143,KGSTAVKK
144,EQTDAVKI
145,KESRAAKD
146,KETTAKKL
147,KQTDANKL
148,KETTAADL
149,KESFKVKK
150,EESNAKKK
151,KEENAVKK
152,KENFAVKL
153,KESNAKKI
154,KETRKVKK
155,KEQFAVKK
156,RESTAVKK
157,RETTAVKK
158,EESNAVDL
159,EETSAVKI
160,KQTDAVDL
164,KQSRAAKL
165,WESNAVKK
166,KQFDAVKL
167,KESFAVKD
168,KEENAVKL
169,KESRAADL
170,WESNAVKL
171,KEQSAVKK
172,KETIAAKK
173,EETRAVKD
174,EDSVAAKI
175,EEFTAVKK
176,KESFAVKI
177,EDSVAAKK
178,KETFAVDL
179,KEQRAAKL
180,KESRAKKK
181,EESVAAKL
182,KEFRAVKK
183,EETIAAKL
184,KWSRAAKK
185,RETSAVKK
186,KETIAKKL
187,KWSVAAKL
188,KESFKVKL
189,KESSASDL
190,EESNKVKK
191,KETFAAKL
192,EGSTAVKK
193,KESWGSKR
194,KETRKVKL
195,WQTDAVKL
196,KEQFAVKL
197,EEFFAVKK
198,KETVAAKK
199,KGSTAVKL
200,RESTAVKL
201,RQTDAVKL
202,EWSSAADL
203,KEWWGSKK
204,EWSTAVKK
205,KFSRAAKL
206,EETTAVKI
207,KETSAKDL
208,KETFAKKL
209,KWSTAVKL
210,KEWWSSKK
211,KESRKAKL
212,EETSAVKD
213,KETRAAKK
214,KETFKVKK
215,EETRAKKL
216,KETRAKKI
217,KEQSAVKL
218,KWSTAVKK
219,KESVAAKK
220,EQTDAKKL
221,RETTAVKL
222,KESNAAKK
223,KEFRAVKL
224,EQTDAAKL
225,KQTDAVKA
226,EETVAAKL
227,KQTDAFKK
228,KESRFAKL
229,EESSAVKI
230,EESNKVKL
231,EWSFAVKL
232,EEQNAVKK
234,REFFAVKK
235,KDSVAAKL
236,RETFAVKK
237,KESSAVKI
238,KETFKVKL
239,KETIAKKK
240,EETTAVKD
241,RETRAVKK
242,EESWGSKL
243,EENNAVKL
244,KESIAAKL
245,KEERAAKL
246,EQFDAVKK
247,KQTDAKDL
248,KNSRAAKL
249,KETTAKDL
250,KESFAAKL
251,EDSVAAKD
252,KQTDAADL
254,KETTKVKK
255,KESWGNKK
256,KESTAADL
257,KEWNAVKK
258,KESSASKL
259,KQTDKVKK
260,REFTAVKK
261,KESNAVDK
263,KETRFAKL
264,KFSVAAKL
265,KESSAKKL
267,EESRAKKL
268,EQTDASKL
269,EFTDAVKK
270,KGSFAVKK
272,KETRASKL
273,KQSTAAKL
274,EWSNAVKI
275,KESFAKKL
276,KEFRAAKK
277,EETTAAKL
278,KEWWGSKL
279,EEQNAVKL
280,KWSWGSKK
281,EEFSAVKK
282,KEFIAAKL
283,KWTRAAKL
285,KWTRAVKK
286,EETRKVKK
287,KEEWGSKK
288,RETSAVKL
289,KESNAVKA
291,EEFTAVKL
292,EWSTAVKL
293,EWSSAAKL
294,KQTDAIKL
295,KEWNAVKL
296,KETTKVKL
297,KETFAKKK
298,KWSNAAKL
299,KEQTAVKK
300,EGSTAVKL
301,KESRRAKL
302,EESTAAKL
303,KEWWSSKL
304,KETRKAKL
305,KESSAVKD
306,KEFFAVKI
308,EETVASKL
309,EESWGSKR
310,KESNASKL
